Year,Year_Index,Scenario,Agent_Income_Mode,Use_DESNZ_Regulated_Cap,Existing_Decarbonization_mn,Additional_Decarbonization_mn,Annual_CfD_Increment_mn,Total_Decarbonization_Cost_mn,Existing_Decarbonization_Cost_GBP,Additional_Decarbonization_Cost_GBP,Annual_CfD_Increment_GBP,Agent_Investable_Decarb_Income_GBP,Decarbonization_Cost,DESNZ_Solar_Ceiling_MW,DESNZ_Onshore_Ceiling_MW,DESNZ_Offshore_Ceiling_MW,DESNZ_Total_Ceiling_MW,V2_Policy
2025,1,existing_decarb_base,none,False,11975.9,0.0,0.0,11975.9,11975900000.0,0.0,0.0,0.0,11975900000.0,21363.636363636364,16272.727272727272,21545.454545454544,59181.81818181818,existing_decarb_base
2026,2,existing_decarb_base,none,False,11975.9,0.0,0.0,11975.9,11975900000.0,0.0,0.0,0.0,11975900000.0,26127.272727272728,18345.454545454544,28290.909090909092,72763.63636363637,existing_decarb_base
2027,3,existing_decarb_base,none,False,11975.9,0.0,0.0,11975.9,11975900000.0,0.0,0.0,0.0,11975900000.0,30890.90909090909,20418.181818181816,35036.36363636363,86345.45454545453,existing_decarb_base
2028,4,existing_decarb_base,none,False,11975.9,0.0,0.0,11975.9,11975900000.0,0.0,0.0,0.0,11975900000.0,35654.545454545456,22490.909090909092,41781.818181818184,99927.27272727274,existing_decarb_base
2029,5,existing_decarb_base,none,False,11975.9,0.0,0.0,11975.9,11975900000.0,0.0,0.0,0.0,11975900000.0,40418.181818181816,24563.636363636364,48527.27272727273,113509.09090909091,existing_decarb_base
2030,6,existing_decarb_base,none,False,11975.9,0.0,0.0,11975.9,11975900000.0,0.0,0.0,0.0,11975900000.0,45181.81818181818,26636.363636363636,55272.72727272727,127090.90909090909,existing_decarb_base
2031,7,existing_decarb_base,none,False,11975.9,0.0,0.0,11975.9,11975900000.0,0.0,0.0,0.0,11975900000.0,49945.454545454544,28709.090909090908,62018.181818181816,140672.72727272726,existing_decarb_base
2032,8,existing_decarb_base,none,False,11975.9,0.0,0.0,11975.9,11975900000.0,0.0,0.0,0.0,11975900000.0,54709.09090909091,30781.818181818184,68763.63636363637,154254.54545454547,existing_decarb_base
2033,9,existing_decarb_base,none,False,11941.401605136436,0.0,0.0,11941.401605136436,11941401605.136436,0.0,0.0,0.0,11941401605.136436,59472.72727272727,32854.545454545456,75509.09090909091,167836.36363636365,existing_decarb_base
2034,10,existing_decarb_base,none,False,11456.462988958423,0.0,0.0,11456.462988958423,11456462988.958424,0.0,0.0,0.0,11456462988.958424,64236.36363636363,34927.27272727273,82254.54545454546,181418.18181818182,existing_decarb_base
2025,1,governmental_target,subsidy_to_operational_target,False,11975.9,932.9888888888888,932.9888888888888,12908.888888888889,11975900000.0,932988888.8888888,932988888.8888888,932988888.8888888,12908888888.88889,21363.636363636364,16272.727272727272,21545.454545454544,59181.81818181818,governmental_target
2026,2,governmental_target,subsidy_to_operational_target,False,11975.9,1865.9777777777776,932.9888888888888,13841.877777777778,11975900000.0,1865977777.7777777,932988888.8888888,932988888.8888888,13841877777.777779,26127.272727272728,18345.454545454544,28290.909090909092,72763.63636363637,governmental_target
2027,3,governmental_target,subsidy_to_operational_target,False,11975.9,2798.9666666666662,932.9888888888888,14774.866666666665,11975900000.0,2798966666.666666,932988888.8888888,932988888.8888888,14774866666.666664,30890.90909090909,20418.181818181816,35036.36363636363,86345.45454545453,governmental_target
2028,4,governmental_target,subsidy_to_operational_target,False,11975.9,3731.9555555555553,932.9888888888888,15707.855555555554,11975900000.0,3731955555.5555553,932988888.8888888,932988888.8888888,15707855555.555553,35654.545454545456,22490.909090909092,41781.818181818184,99927.27272727274,governmental_target
2029,5,governmental_target,subsidy_to_operational_target,False,11975.9,4664.944444444444,932.9888888888888,16640.844444444443,11975900000.0,4664944444.444445,932988888.8888888,932988888.8888888,16640844444.444443,40418.181818181816,24563.636363636364,48527.27272727273,113509.09090909091,governmental_target
2030,6,governmental_target,subsidy_to_operational_target,False,11975.9,5597.9333333333325,932.9888888888888,17573.833333333332,11975900000.0,5597933333.333332,932988888.8888888,932988888.8888888,17573833333.333332,45181.81818181818,26636.363636363636,55272.72727272727,127090.90909090909,governmental_target
2031,7,governmental_target,subsidy_to_operational_target,False,11975.9,6530.9222222222215,932.9888888888888,18506.82222222222,11975900000.0,6530922222.222221,932988888.8888888,932988888.8888888,18506822222.22222,49945.454545454544,28709.090909090908,62018.181818181816,140672.72727272726,governmental_target
2032,8,governmental_target,subsidy_to_operational_target,False,11975.9,7463.911111111111,932.9888888888888,19439.81111111111,11975900000.0,7463911111.111111,932988888.8888888,932988888.8888888,19439811111.11111,54709.09090909091,30781.818181818184,68763.63636363637,154254.54545454547,governmental_target
2033,9,governmental_target,subsidy_to_operational_target,False,11941.401605136436,8396.9,932.9888888888888,20338.301605136436,11941401605.136436,8396900000.0,932988888.8888888,932988888.8888888,20338301605.136436,59472.72727272727,32854.545454545456,75509.09090909091,167836.36363636365,governmental_target
2034,10,governmental_target,subsidy_to_operational_target,False,11456.462988958423,9329.888888888889,932.9888888888888,20786.35187784731,11456462988.958424,9329888888.88889,932988888.8888888,932988888.8888888,20786351877.847313,64236.36363636363,34927.27272727273,82254.54545454546,181418.18181818182,governmental_target
2025,1,operational_capacity_target,subsidy_to_operational_target,False,11975.9,932.9888888888888,932.9888888888888,12908.888888888889,11975900000.0,932988888.8888888,932988888.8888888,932988888.8888888,12908888888.88889,21363.636363636364,16272.727272727272,21545.454545454544,59181.81818181818,operational_capacity_target
2026,2,operational_capacity_target,subsidy_to_operational_target,False,11975.9,1865.9777777777776,932.9888888888888,13841.877777777778,11975900000.0,1865977777.7777777,932988888.8888888,932988888.8888888,13841877777.777779,26127.272727272728,18345.454545454544,28290.909090909092,72763.63636363637,operational_capacity_target
2027,3,operational_capacity_target,subsidy_to_operational_target,False,11975.9,2798.9666666666662,932.9888888888888,14774.866666666665,11975900000.0,2798966666.666666,932988888.8888888,932988888.8888888,14774866666.666664,30890.90909090909,20418.181818181816,35036.36363636363,86345.45454545453,operational_capacity_target
2028,4,operational_capacity_target,subsidy_to_operational_target,False,11975.9,3731.9555555555553,932.9888888888888,15707.855555555554,11975900000.0,3731955555.5555553,932988888.8888888,932988888.8888888,15707855555.555553,35654.545454545456,22490.909090909092,41781.818181818184,99927.27272727274,operational_capacity_target
2029,5,operational_capacity_target,subsidy_to_operational_target,False,11975.9,4664.944444444444,932.9888888888888,16640.844444444443,11975900000.0,4664944444.444445,932988888.8888888,932988888.8888888,16640844444.444443,40418.181818181816,24563.636363636364,48527.27272727273,113509.09090909091,operational_capacity_target
2030,6,operational_capacity_target,subsidy_to_operational_target,False,11975.9,5597.9333333333325,932.9888888888888,17573.833333333332,11975900000.0,5597933333.333332,932988888.8888888,932988888.8888888,17573833333.333332,45181.81818181818,26636.363636363636,55272.72727272727,127090.90909090909,operational_capacity_target
2031,7,operational_capacity_target,subsidy_to_operational_target,False,11975.9,6530.9222222222215,932.9888888888888,18506.82222222222,11975900000.0,6530922222.222221,932988888.8888888,932988888.8888888,18506822222.22222,49945.454545454544,28709.090909090908,62018.181818181816,140672.72727272726,operational_capacity_target
2032,8,operational_capacity_target,subsidy_to_operational_target,False,11975.9,7463.911111111111,932.9888888888888,19439.81111111111,11975900000.0,7463911111.111111,932988888.8888888,932988888.8888888,19439811111.11111,54709.09090909091,30781.818181818184,68763.63636363637,154254.54545454547,operational_capacity_target
2033,9,operational_capacity_target,subsidy_to_operational_target,False,11941.401605136436,8396.9,932.9888888888888,20338.301605136436,11941401605.136436,8396900000.0,932988888.8888888,932988888.8888888,20338301605.136436,59472.72727272727,32854.545454545456,75509.09090909091,167836.36363636365,operational_capacity_target
2034,10,operational_capacity_target,subsidy_to_operational_target,False,11456.462988958423,9329.888888888889,932.9888888888888,20786.35187784731,11456462988.958424,9329888888.88889,932988888.8888888,932988888.8888888,20786351877.847313,64236.36363636363,34927.27272727273,82254.54545454546,181418.18181818182,operational_capacity_target
2025,1,subsidy_as_usual,annual_increment,False,11975.9,932.9888888888888,932.9888888888888,12908.888888888889,11975900000.0,932988888.8888888,932988888.8888888,932988888.8888888,12908888888.88889,21363.636363636364,16272.727272727272,21545.454545454544,59181.81818181818,subsidy_as_usual
2026,2,subsidy_as_usual,annual_increment,False,11975.9,1865.9777777777776,932.9888888888888,13841.877777777778,11975900000.0,1865977777.7777777,932988888.8888888,932988888.8888888,13841877777.777779,26127.272727272728,18345.454545454544,28290.909090909092,72763.63636363637,subsidy_as_usual
2027,3,subsidy_as_usual,annual_increment,False,11975.9,2798.9666666666662,932.9888888888888,14774.866666666665,11975900000.0,2798966666.666666,932988888.8888888,932988888.8888888,14774866666.666664,30890.90909090909,20418.181818181816,35036.36363636363,86345.45454545453,subsidy_as_usual
2028,4,subsidy_as_usual,annual_increment,False,11975.9,3731.9555555555553,932.9888888888888,15707.855555555554,11975900000.0,3731955555.5555553,932988888.8888888,932988888.8888888,15707855555.555553,35654.545454545456,22490.909090909092,41781.818181818184,99927.27272727274,subsidy_as_usual
2029,5,subsidy_as_usual,annual_increment,False,11975.9,4664.944444444444,932.9888888888888,16640.844444444443,11975900000.0,4664944444.444445,932988888.8888888,932988888.8888888,16640844444.444443,40418.181818181816,24563.636363636364,48527.27272727273,113509.09090909091,subsidy_as_usual
2030,6,subsidy_as_usual,annual_increment,False,11975.9,5597.9333333333325,932.9888888888888,17573.833333333332,11975900000.0,5597933333.333332,932988888.8888888,932988888.8888888,17573833333.333332,45181.81818181818,26636.363636363636,55272.72727272727,127090.90909090909,subsidy_as_usual
2031,7,subsidy_as_usual,annual_increment,False,11975.9,6530.9222222222215,932.9888888888888,18506.82222222222,11975900000.0,6530922222.222221,932988888.8888888,932988888.8888888,18506822222.22222,49945.454545454544,28709.090909090908,62018.181818181816,140672.72727272726,subsidy_as_usual
2032,8,subsidy_as_usual,annual_increment,False,11975.9,7463.911111111111,932.9888888888888,19439.81111111111,11975900000.0,7463911111.111111,932988888.8888888,932988888.8888888,19439811111.11111,54709.09090909091,30781.818181818184,68763.63636363637,154254.54545454547,subsidy_as_usual
2033,9,subsidy_as_usual,annual_increment,False,11941.401605136436,8396.9,932.9888888888888,20338.301605136436,11941401605.136436,8396900000.0,932988888.8888888,932988888.8888888,20338301605.136436,59472.72727272727,32854.545454545456,75509.09090909091,167836.36363636365,subsidy_as_usual
2034,10,subsidy_as_usual,annual_increment,False,11456.462988958423,9329.888888888889,932.9888888888888,20786.35187784731,11456462988.958424,9329888888.88889,932988888.8888888,932988888.8888888,20786351877.847313,64236.36363636363,34927.27272727273,82254.54545454546,181418.18181818182,subsidy_as_usual
