record_id,dataset_id,technology,variant,component,factor_kind,value,unit,basis,lifecycle_scope,geography,scenario,commissioning_year,load_factor,lifetime_years,duration_hours,source_id,source_locator,status,used_by_snapshot,derivation,quality_note
sc_ccgt_op,scheme_c_2026_07_18,ccgt,CCGT,generation,direct_operational_intensity,394,kgCO2_per_MWh,electricity_generated,direct_combustion,Great Britain,central,,,,,local_scheme_c_config,generators.CCGT.carbon_intensity,literal_snapshot,1,,Matches NESO Table 1.
sc_ocgt_op,scheme_c_2026_07_18,ocgt,OCGT,generation,direct_operational_intensity,651,kgCO2_per_MWh,electricity_generated,direct_combustion,Great Britain,central,,,,,local_scheme_c_config,generators.OCGT.carbon_intensity,literal_snapshot,1,,Matches NESO Table 1.
sc_biomass_op,scheme_c_2026_07_18,biomass,bio_and_waste,generation,consumption_based_operational_intensity,120,kgCO2e_per_MWh,electricity_generated,generation_and_supply_chain_convention,Great Britain,central,,,,,local_scheme_c_config,generators.bio_and_waste.carbon_intensity,literal_snapshot,1,,NESO states 120 plus or minus 120 gCO2/kWh because biomass supply chains are uncertain.
sc_hydro_body,scheme_c_2026_07_18,hydro,Hydro_natural_flow,generator,legacy_body_emission_scalar,0,legacy_model_scalar,per_active_generator_record_per_period,undefined,Great Britain,central,,,,,local_scheme_c_config,generators.Hydro_natural_flow.carbon_emission,unresolved_unit,1,,The legacy loop adds this once per active generator record; do not interpret it as kg/MWh.
sc_nuclear_body,scheme_c_2026_07_18,nuclear,Nuclear,generator,legacy_body_emission_scalar,0,legacy_model_scalar,per_active_generator_record_per_period,undefined,Great Britain,central,,,,,local_scheme_c_config,generators.Nuclear.carbon_emission,unresolved_unit,1,,Zero in retained configuration; lifecycle emissions are not represented by this field.
sc_solar_body,scheme_c_2026_07_18,solar,all_locations,generator,legacy_body_emission_scalar,0,legacy_model_scalar,per_active_generator_record_per_period,undefined,Great Britain,central,,,,,local_scheme_c_config,generators.solar_*.carbon_emission,unresolved_unit,1,,Zero in every retained solar entry.
sc_onshore_body,scheme_c_2026_07_18,onshore_wind,all_locations,generator,legacy_body_emission_scalar,0,legacy_model_scalar,per_active_generator_record_per_period,undefined,Great Britain,central,,,,,local_scheme_c_config,generators.onshore_*.carbon_emission,unresolved_unit,1,,Zero in every retained onshore-wind entry.
sc_offshore_body,scheme_c_2026_07_18,offshore_wind,all_zones,generator,legacy_body_emission_scalar,0,legacy_model_scalar,per_active_generator_record_per_period,undefined,Great Britain,central,,,,,local_scheme_c_config,generators.offshore*.carbon_emission,unresolved_unit,1,,Zero in every retained offshore-wind entry.
sc_phs_body,scheme_c_2026_07_18,pumped_hydro,pumpedhydro_battery,storage,legacy_body_emission_scalar,40,legacy_model_scalar,per_active_storage_record_per_period,undefined,Great Britain,central,,,,4,local_scheme_c_config,batteries.pumpedhydro_battery.carbon_emission,unresolved_unit,1,,The retained dispatch loop mixes this scalar with energy-weighted intensities; unit is not declared.
sc_battery_1c_body,scheme_c_2026_07_18,battery,battery_1c,storage,legacy_body_emission_scalar,50,legacy_model_scalar,per_active_storage_record_per_period,undefined,Great Britain,central,,,,1,local_scheme_c_config,batteries.1c_battery.carbon_emission,unresolved_unit,1,,The retained dispatch loop mixes this scalar with energy-weighted intensities; unit is not declared.
sc_battery_025c_body,scheme_c_2026_07_18,battery,battery_0_25c,storage,legacy_body_emission_scalar,50,legacy_model_scalar,per_active_storage_record_per_period,undefined,Great Britain,central,,,,4,local_scheme_c_config,batteries.0.25c_battery.carbon_emission,unresolved_unit,1,,The retained dispatch loop mixes this scalar with energy-weighted intensities; unit is not declared.
sc_battery_05c_body,scheme_c_2026_07_18,battery,battery_0_5c,storage,legacy_body_emission_scalar,50,legacy_model_scalar,per_active_storage_record_per_period,undefined,Great Britain,central,,,,2,local_scheme_c_config,batteries.0.5c_battery.carbon_emission,unresolved_unit,1,,The retained dispatch loop mixes this scalar with energy-weighted intensities; unit is not declared.
sc_hydrogen_body,scheme_c_2026_07_18,hydrogen_storage,hydrogen_battery,storage,legacy_body_emission_scalar,50,legacy_model_scalar,per_active_storage_record_per_period,undefined,Great Britain,central,,,,250,local_scheme_c_config,batteries.hydrogen_battery.carbon_emission,unresolved_unit,1,,The retained dispatch loop mixes this scalar with energy-weighted intensities; unit is not declared.
sc_import_fr,scheme_c_2026_07_18,import_electricity,France,interconnector,direct_operational_intensity,53,kgCO2_per_MWh,electricity_imported,generation_only,France,central,,,,,local_scheme_c_config,connections.Interconnect_France.carbon_intensity,literal_snapshot,1,,NESO Table 1 static fallback is approximately 53.
sc_import_nl,scheme_c_2026_07_18,import_electricity,Netherlands,interconnector,direct_operational_intensity,474,kgCO2_per_MWh,electricity_imported,generation_only,Netherlands,central,,,,,local_scheme_c_config,connections.Interconnect_Netherland.carbon_intensity,literal_snapshot,1,,NESO Table 1 static fallback is approximately 474.
sc_import_ie,scheme_c_2026_07_18,import_electricity,Ireland,interconnector,direct_operational_intensity,458,kgCO2_per_MWh,electricity_imported,generation_only,Ireland,central,,,,,local_scheme_c_config,connections.Interconnect_Ireland.carbon_intensity,literal_snapshot,1,,NESO Table 1 static fallback is approximately 458.
sc_import_no,scheme_c_2026_07_18,import_electricity,Norway,interconnector,direct_operational_intensity,100,kgCO2_per_MWh,electricity_imported,generation_only,Norway,central,,,,,local_scheme_c_config,connections.Interconnect_Norway.carbon_intensity,literal_snapshot,1,,No Norway fallback appears in the cited NESO Table 1; retain for reproduction only.
sc_import_be,scheme_c_2026_07_18,import_electricity,Belgium,interconnector,direct_operational_intensity,179,kgCO2_per_MWh,electricity_imported,generation_only,Belgium,central,,,,,local_scheme_c_config,connections.Interconnect_Beligum.carbon_intensity,literal_snapshot,1,,NESO Table 1 static fallback is approximately 179.
ch4_onshore_annual,chapter4_thesis_2026_08_03,onshore_wind,chapter4_table4,generator,annual_embodied_emissions,10,tCO2e_per_MW_year,installed_power_capacity,annualised_embodied,United Kingdom,central,,,,,local_thesis_ch4,Chapter 4 Table 4,literal_snapshot,1,,Thesis table value; not independently traceable to one row in cited government reports.
ch4_offshore_annual,chapter4_thesis_2026_08_03,offshore_wind,chapter4_table4,generator,annual_embodied_emissions,11,tCO2e_per_MW_year,installed_power_capacity,annualised_embodied,United Kingdom,central,,,,,local_thesis_ch4,Chapter 4 Table 4,literal_snapshot,1,,Thesis table value; not independently traceable to one row in cited government reports.
ch4_solar_annual,chapter4_thesis_2026_08_03,solar,chapter4_table4,generator,annual_embodied_emissions,16,tCO2e_per_MW_year,installed_power_capacity,annualised_embodied,United Kingdom,central,,,,,local_thesis_ch4,Chapter 4 Table 4,literal_snapshot,1,,Thesis paragraph 613 separately states 1394 t/MW for solar while the later postprocessor uses 1349 t/MW.
ch4_interconnector_annual,chapter4_thesis_2026_08_03,interconnector,chapter4_table4,transmission,annual_embodied_emissions,8,tCO2e_per_MW_year,installed_transfer_capacity,annualised_embodied,United Kingdom,central,,,,,local_thesis_ch4,Chapter 4 Table 4,literal_snapshot,1,,Not active in the present transmission-free PSM.
ch4_phs_lifetime,chapter4_thesis_2026_08_03,pumped_hydro,chapter4_table5,storage,lifetime_embodied_emissions,0.5,tCO2e_per_MWh_capacity,installed_energy_capacity,construction_to_end_of_life,unspecified,central,,,30,4,local_thesis_ch4,Chapter 4 Table 5 and reference 163,literal_snapshot,1,,Reported range 0.2-0.8 tCO2e/MWh capacity; thesis reference retained.
ch4_caes_lifetime,chapter4_thesis_2026_08_03,compressed_air_storage,chapter4_table5,storage,lifetime_embodied_emissions,2.8,tCO2e_per_MWh_capacity,installed_energy_capacity,construction_to_end_of_life,unspecified,central,,,25,4,local_thesis_ch4,Chapter 4 Table 5 and reference 164,literal_snapshot,1,,Reported range 2.5-3.0. Reference 164 appears to describe lithium-ion rather than CAES; verify before scientific reuse.
ch4_thermal_lifetime,chapter4_thesis_2026_08_03,thermal_storage,chapter4_table5,storage,lifetime_embodied_emissions,0.2,tCO2e_per_MWh_capacity,installed_energy_capacity,construction_to_end_of_life,unspecified,central,,,20,4,local_thesis_ch4,Chapter 4 Table 5 and reference 165,literal_snapshot,1,,Reported range 0.1-0.3 tCO2e/MWh capacity.
ch4_liion_lifetime,chapter4_thesis_2026_08_03,battery,lithium_ion,storage,lifetime_embodied_emissions,0.3,tCO2e_per_MWh_capacity,installed_energy_capacity,construction_to_end_of_life,unspecified,central,,,15,4,local_thesis_ch4,Chapter 4 Table 5 and reference 166,literal_snapshot,1,,Reported range 0.2-0.5. Reference 166 appears to describe CAES rather than lithium-ion; verify before scientific reuse.
ch4_h2_store_lifetime,chapter4_thesis_2026_08_03,hydrogen_storage,chapter4_table5,storage,lifetime_embodied_emissions,0.0006,tCO2e_per_MWh_capacity,installed_energy_capacity,construction_to_end_of_life,unspecified,central,,,10,250,local_thesis_ch4,Chapter 4 Table 5 and reference 167,literal_snapshot,1,,Reported range 0.0003-0.001; cited source is not a UK-government lifecycle inventory.
ch4_h2_generator_lifetime,chapter4_thesis_2026_08_03,electrolyser,chapter4_table5,conversion,lifetime_embodied_emissions,7.5,tCO2e_per_MW,installed_power_capacity,construction_to_end_of_life,unspecified,central,,,10,,local_thesis_ch4,Chapter 4 Table 5 and reference 168,literal_snapshot,1,,Reported range 5-10 tCO2e/MW.
pp_solar_lca,paper_postprocess_2026_07_10,solar,selected_central,generator,lifecycle_intensity,40,gCO2e_per_kWh,electricity_generated,cradle_to_grave,Europe,central,2025,0.11,35,,local_paper_postprocess,solar row,literal_snapshot,1,,Rounded representative value used by the chart; UNECE Table 13 has technology-specific PV rows rather than a single 40 value.
pp_solar_annual,paper_postprocess_2026_07_10,solar,selected_central,generator,annual_embodied_emissions,38.544,tCO2e_per_MW_year,installed_power_capacity,annualised_lifecycle,United Kingdom,central,2025,0.11,35,,local_paper_postprocess,solar row,derived_snapshot,1,40*0.11*8760/1000,Exact chart input; embodied_t_per_mw is 1349.0 in the file and differs from thesis paragraph 613 value 1394.
pp_onshore_lca,paper_postprocess_2026_07_10,onshore_wind,selected_central,generator,lifecycle_intensity,12,gCO2e_per_kWh,electricity_generated,cradle_to_grave,Europe,central,2025,0.45,25,,local_paper_postprocess,onshore row,literal_snapshot,1,,Coincides with UNECE Europe Table 13 onshore row.
pp_onshore_annual,paper_postprocess_2026_07_10,onshore_wind,selected_central,generator,annual_embodied_emissions,47.304,tCO2e_per_MW_year,installed_power_capacity,annualised_lifecycle,United Kingdom,central,2025,0.45,25,,local_paper_postprocess,onshore row,derived_snapshot,1,12*0.45*8760/1000,Uses DESNZ 2023 load factor and operating life.
pp_offshore_lca,paper_postprocess_2026_07_10,offshore_wind,selected_central,generator,lifecycle_intensity,18,gCO2e_per_kWh,electricity_generated,cradle_to_grave,Europe,central,2025,0.61,30,,local_paper_postprocess,offshore row,literal_snapshot,1,,Legacy selected midpoint; UNECE Europe Table 13 reports 14 and 13 for concrete and steel foundations.
pp_offshore_annual,paper_postprocess_2026_07_10,offshore_wind,selected_central,generator,annual_embodied_emissions,96.1848,tCO2e_per_MW_year,installed_power_capacity,annualised_lifecycle,United Kingdom,central,2025,0.61,30,,local_paper_postprocess,offshore row,derived_snapshot,1,18*0.61*8760/1000,The source CSV rounds this field to 96.185 but also stores 96184.8 kg/MW/year.
pp_nuclear_lca,paper_postprocess_2026_07_10,nuclear,selected_central,generator,lifecycle_intensity,5.5,gCO2e_per_kWh,electricity_generated,cradle_to_grave,Europe,central,,0.9,60,,local_paper_postprocess,nuclear row,literal_snapshot,1,,Legacy midpoint; UNECE Europe Table 13 average is 5.1.
pp_nuclear_annual,paper_postprocess_2026_07_10,nuclear,selected_central,generator,annual_embodied_emissions,43.362,tCO2e_per_MW_year,installed_power_capacity,annualised_lifecycle,United Kingdom,central,,0.9,60,,local_paper_postprocess,nuclear row,derived_snapshot,1,5.5*0.9*8760/1000,Load factor and life are labelled BEIS-style rather than a verified 2023 DESNZ row.
pp_hydro_lca,paper_postprocess_2026_07_10,hydro,selected_central,generator,lifecycle_intensity,20,gCO2e_per_kWh,electricity_generated,cradle_to_grave,Europe,central,,0.35,41,,local_paper_postprocess,hydro row,literal_snapshot,1,,Legacy representative; UNECE Europe Table 13 hydro cases are 11 and 150.
pp_hydro_annual,paper_postprocess_2026_07_10,hydro,selected_central,generator,annual_embodied_emissions,61.32,tCO2e_per_MW_year,installed_power_capacity,annualised_lifecycle,United Kingdom,central,,0.35,41,,local_paper_postprocess,hydro row,derived_snapshot,1,20*0.35*8760/1000,Hydro variant and source of 35 percent load factor are not fully identified in the postprocessor.
pp_phs_lca,paper_postprocess_2026_07_10,pumped_hydro,civil_proxy,storage,lifecycle_intensity,25,gCO2e_per_kWh,electricity_discharged,proxy_cradle_to_grave,Europe,central,,0.45,41,4,local_paper_postprocess,pumped_hydro row,literal_snapshot,1,,Explicitly labelled civil-heavy PHS proxy in the source file; not a DESNZ carbon factor.
pp_phs_annual,paper_postprocess_2026_07_10,pumped_hydro,civil_proxy,storage,annual_embodied_emissions,98.55,tCO2e_per_MW_year,installed_power_capacity,annualised_proxy,United Kingdom,central,,0.45,41,4,local_paper_postprocess,pumped_hydro row,derived_snapshot,1,25*0.45*8760/1000,Annualisation is power-capacity based and should not be mixed with Chapter 4 t/MWh-capacity values.
pp_ccgt_annual,paper_postprocess_2026_07_10,ccgt,plant_infrastructure_proxy,generator,annual_embodied_emissions,16.2936,tCO2e_per_MW_year,installed_power_capacity,annualised_infrastructure_only,United Kingdom,central,,0.93,25,,local_paper_postprocess,ccgt row,derived_snapshot,1,2*0.93*8760/1000,Excludes fuel-cycle and combustion emissions; the 2 g/kWh proxy is not a direct UNECE Table 13 row.
pp_ocgt_annual,paper_postprocess_2026_07_10,ocgt,equal_ccgt_stock_proxy,generator,annual_embodied_emissions,16.2936,tCO2e_per_MW_year,installed_power_capacity,annualised_infrastructure_only,United Kingdom,central,,0.06,25,,local_paper_postprocess,ocgt row,literal_snapshot,1,,Copied from CCGT stock so peaking load factor does not shrink embodied stock; source is a modelling assumption.
pp_biomass_annual,paper_postprocess_2026_07_10,biomass,plant_infrastructure_proxy,generator,annual_embodied_emissions,22.0752,tCO2e_per_MW_year,installed_power_capacity,annualised_infrastructure_only,United Kingdom,central,,0.84,25,,local_paper_postprocess,biomass row,derived_snapshot,1,3*0.84*8760/1000,Excludes biomass supply-chain emissions; not a direct UNECE Table 13 row.
pp_battery1c_annual,paper_postprocess_2026_07_10,battery,battery_1c,storage,annual_embodied_emissions,6,tCO2e_per_MW_year,installed_power_capacity,annualised_manufacturing,unspecified,central,,,10,1,local_paper_postprocess,battery_1c row,derived_snapshot,1,60 kgCO2e/kWh_capacity * 1 hour / 10 years,Source file labels 60 kg/kWh as an LFP midpoint but provides no primary citation.
pp_battery05c_annual,paper_postprocess_2026_07_10,battery,battery_0_5c,storage,annual_embodied_emissions,12,tCO2e_per_MW_year,installed_power_capacity,annualised_manufacturing,unspecified,central,,,10,2,local_paper_postprocess,battery_0_5c row,derived_snapshot,1,60 kgCO2e/kWh_capacity * 2 hours / 10 years,Source file labels 60 kg/kWh as an LFP midpoint but provides no primary citation.
pp_battery025c_annual,paper_postprocess_2026_07_10,battery,battery_0_25c,storage,annual_embodied_emissions,24,tCO2e_per_MW_year,installed_power_capacity,annualised_manufacturing,unspecified,central,,,10,4,local_paper_postprocess,battery_0_25c row,derived_snapshot,1,60 kgCO2e/kWh_capacity * 4 hours / 10 years,Source file labels 60 kg/kWh as an LFP midpoint but provides no primary citation.
pp_electrolyser_annual,paper_postprocess_2026_07_10,electrolyser,generic,conversion,annual_embodied_emissions,1.25,tCO2e_per_MW_year,installed_power_capacity,annualised_manufacturing,unspecified,central,,,20,,local_paper_postprocess,electrolyzer row,derived_snapshot,1,25 tCO2e/MW / 20 years,Source file says literature proxy but provides no primary citation.
auth_biomass_op,uk_authority_reference_2026_08_06,biomass,NESO_Table_1,generation,consumption_based_operational_intensity,120,kgCO2e_per_MWh,electricity_generated,generation_and_supply_chain_convention,Great Britain,central,,,,,neso_ci_2024,Table 1,verified_source_row,0,,NESO reports uncertainty of plus or minus 120 gCO2/kWh.
auth_coal_op,uk_authority_reference_2026_08_06,coal,NESO_Table_1,generation,direct_operational_intensity,937,kgCO2_per_MWh,electricity_generated,direct_combustion,Great Britain,central,,,,,neso_ci_2024,Table 1,verified_source_row,0,,For optional future thermal technologies.
auth_ccgt_op,uk_authority_reference_2026_08_06,ccgt,NESO_Table_1,generation,direct_operational_intensity,394,kgCO2_per_MWh,electricity_generated,direct_combustion,Great Britain,central,,,,,neso_ci_2024,Table 1,verified_source_row,0,,Output-weighted GB fleet factor based on DUKES fuel factors.
auth_ocgt_op,uk_authority_reference_2026_08_06,ocgt,NESO_Table_1,generation,direct_operational_intensity,651,kgCO2_per_MWh,electricity_generated,direct_combustion,Great Britain,central,,,,,neso_ci_2024,Table 1,verified_source_row,0,,Output-weighted GB fleet factor based on DUKES fuel factors.
auth_oil_op,uk_authority_reference_2026_08_06,oil,NESO_Table_1,generation,direct_operational_intensity,935,kgCO2_per_MWh,electricity_generated,direct_combustion,Great Britain,central,,,,,neso_ci_2024,Table 1,verified_source_row,0,,For optional future thermal technologies.
auth_other_op,uk_authority_reference_2026_08_06,other_generation,NESO_Table_1,generation,direct_operational_intensity,300,kgCO2_per_MWh,electricity_generated,direct_combustion,Great Britain,central,,,,,neso_ci_2024,Table 1,verified_source_row,0,,Broad residual category; avoid when a technology-specific factor is available.
auth_hydro_op,uk_authority_reference_2026_08_06,hydro,NESO_Table_1,generation,direct_operational_intensity,0,kgCO2_per_MWh,electricity_generated,direct_generation_only,Great Britain,central,,,,,neso_ci_2024,Table 1,verified_source_row,0,,Zero is valid only under NESO generation-only boundary; it is not lifecycle zero.
auth_nuclear_op,uk_authority_reference_2026_08_06,nuclear,NESO_Table_1,generation,direct_operational_intensity,0,kgCO2_per_MWh,electricity_generated,direct_generation_only,Great Britain,central,,,,,neso_ci_2024,Table 1,verified_source_row,0,,Zero is valid only under NESO generation-only boundary; it is not lifecycle zero.
auth_solar_op,uk_authority_reference_2026_08_06,solar,NESO_Table_1,generation,direct_operational_intensity,0,kgCO2_per_MWh,electricity_generated,direct_generation_only,Great Britain,central,,,,,neso_ci_2024,Table 1,verified_source_row,0,,Zero is valid only under NESO generation-only boundary; it is not lifecycle zero.
auth_wind_op,uk_authority_reference_2026_08_06,wind,NESO_Table_1,generation,direct_operational_intensity,0,kgCO2_per_MWh,electricity_generated,direct_generation_only,Great Britain,central,,,,,neso_ci_2024,Table 1,verified_source_row,0,,Zero is valid only under NESO generation-only boundary; it is not lifecycle zero.
auth_phs_op,uk_authority_reference_2026_08_06,pumped_hydro,NESO_Table_1,storage,direct_operational_intensity,0,kgCO2_per_MWh,electricity_discharged,direct_generation_only,Great Britain,central,,,,,neso_ci_2024,Table 1,verified_source_row,0,,Charging electricity emissions must be attributed separately; zero does not mean carbon-free storage.
auth_import_fr,uk_authority_reference_2026_08_06,import_electricity,France,interconnector,operational_import_fallback,53,kgCO2_per_MWh,electricity_imported,generation_mix,France,fallback,,,,,neso_ci_2024,Table 1,verified_source_row,0,,NESO methodology prefers a daily ENTSO-E generation-mix calculation; this is fallback only.
auth_import_nl,uk_authority_reference_2026_08_06,import_electricity,Netherlands,interconnector,operational_import_fallback,474,kgCO2_per_MWh,electricity_imported,generation_mix,Netherlands,fallback,,,,,neso_ci_2024,Table 1,verified_source_row,0,,NESO methodology prefers a daily ENTSO-E generation-mix calculation; this is fallback only.
auth_import_be,uk_authority_reference_2026_08_06,import_electricity,Belgium,interconnector,operational_import_fallback,179,kgCO2_per_MWh,electricity_imported,generation_mix,Belgium,fallback,,,,,neso_ci_2024,Table 1,verified_source_row,0,,NESO methodology prefers a daily ENTSO-E generation-mix calculation; this is fallback only.
auth_import_ie,uk_authority_reference_2026_08_06,import_electricity,Ireland,interconnector,operational_import_fallback,458,kgCO2_per_MWh,electricity_imported,generation_mix,Ireland,fallback,,,,,neso_ci_2024,Table 1,verified_source_row,0,,NESO methodology prefers a daily generation-mix calculation; this is fallback only.
auth_import_no_nve_2024,uk_authority_reference_2026_08_06,import_electricity,Norway_NVE_2024,interconnector,operational_import_fallback,11.9,gCO2e_per_kWh,electricity_imported,physical_delivered_electricity,Norway,fallback,2024,,,,nve_climate_declaration_2024,2024 national mean,verified_source_row,0,,NVE annual physical-delivery fallback; use daily ENTSO-E generation mix when a compatible chronological series is available.
auth_ngcc_lca,uk_authority_reference_2026_08_06,ccgt,UNECE_NGCC_without_CCS,generation,lifecycle_intensity,430,gCO2e_per_kWh,electricity_generated,cradle_to_grave,Europe_EU28,central,2020,,,,unece_lca_2021,Table 13,verified_source_row,0,,Do not add this full lifecycle value to the NESO 394 operational factor without subtracting overlapping stages.
auth_hydro660_lca,uk_authority_reference_2026_08_06,hydro,UNECE_660MW,generator,lifecycle_intensity,150,gCO2e_per_kWh,electricity_generated,cradle_to_grave,Europe_EU28,central,2020,,,,unece_lca_2021,Table 13,verified_source_row,0,,Reservoir configuration is material; do not use as a generic run-of-river factor.
auth_hydro360_lca,uk_authority_reference_2026_08_06,hydro,UNECE_360MW,generator,lifecycle_intensity,11,gCO2e_per_kWh,electricity_generated,cradle_to_grave,Europe_EU28,central,2020,,,,unece_lca_2021,Table 13,verified_source_row,0,,Technology case is distinct from the 660 MW case.
auth_nuclear_lca,uk_authority_reference_2026_08_06,nuclear,UNECE_average,generator,lifecycle_intensity,5.1,gCO2e_per_kWh,electricity_generated,cradle_to_grave,Europe_EU28,central,2020,,,,unece_lca_2021,Table 13,verified_source_row,0,,UNECE Europe average case.
auth_pv_poly_ground_lca,uk_authority_reference_2026_08_06,solar,UNECE_polySi_ground,generator,lifecycle_intensity,37,gCO2e_per_kWh,electricity_generated,cradle_to_grave,Europe_EU28,central,2020,,,,unece_lca_2021,Table 13,verified_source_row,0,,Use technology and mounting-specific row instead of generic PV central where possible.
auth_pv_poly_roof_lca,uk_authority_reference_2026_08_06,solar,UNECE_polySi_roof,generator,lifecycle_intensity,37,gCO2e_per_kWh,electricity_generated,cradle_to_grave,Europe_EU28,central,2020,,,,unece_lca_2021,Table 13,verified_source_row,0,,Roof-mounted poly-Si case.
auth_pv_cdte_ground_lca,uk_authority_reference_2026_08_06,solar,UNECE_CdTe_ground,generator,lifecycle_intensity,12,gCO2e_per_kWh,electricity_generated,cradle_to_grave,Europe_EU28,central,2020,,,,unece_lca_2021,Table 13,verified_source_row,0,,Ground-mounted CdTe case.
auth_pv_cdte_roof_lca,uk_authority_reference_2026_08_06,solar,UNECE_CdTe_roof,generator,lifecycle_intensity,15,gCO2e_per_kWh,electricity_generated,cradle_to_grave,Europe_EU28,central,2020,,,,unece_lca_2021,Table 13,verified_source_row,0,,Roof-mounted CdTe case.
auth_pv_cigs_ground_lca,uk_authority_reference_2026_08_06,solar,UNECE_CIGS_ground,generator,lifecycle_intensity,11,gCO2e_per_kWh,electricity_generated,cradle_to_grave,Europe_EU28,central,2020,,,,unece_lca_2021,Table 13,verified_source_row,0,,Ground-mounted CIGS case.
auth_pv_cigs_roof_lca,uk_authority_reference_2026_08_06,solar,UNECE_CIGS_roof,generator,lifecycle_intensity,14,gCO2e_per_kWh,electricity_generated,cradle_to_grave,Europe_EU28,central,2020,,,,unece_lca_2021,Table 13,verified_source_row,0,,Roof-mounted CIGS case.
auth_onshore_lca,uk_authority_reference_2026_08_06,onshore_wind,UNECE_onshore,generator,lifecycle_intensity,12,gCO2e_per_kWh,electricity_generated,cradle_to_grave,Europe_EU28,central,2020,,,,unece_lca_2021,Table 13,verified_source_row,0,,UNECE Europe onshore case.
auth_offshore_concrete_lca,uk_authority_reference_2026_08_06,offshore_wind,UNECE_concrete_foundation,generator,lifecycle_intensity,14,gCO2e_per_kWh,electricity_generated,cradle_to_grave,Europe_EU28,central,2020,,,,unece_lca_2021,Table 13,verified_source_row,0,,UNECE Europe offshore gravity/concrete foundation case.
auth_offshore_steel_lca,uk_authority_reference_2026_08_06,offshore_wind,UNECE_steel_foundation,generator,lifecycle_intensity,13,gCO2e_per_kWh,electricity_generated,cradle_to_grave,Europe_EU28,central,2020,,,,unece_lca_2021,Table 13,verified_source_row,0,,UNECE Europe offshore steel foundation case.
auth_onshore_lf,uk_authority_reference_2026_08_06,onshore_wind,DESNZ_2025_commissioning,generator,load_factor,0.45,fraction,theoretical_maximum_generation,technical_assumption,Great Britain,central,2025,0.45,25,,desnz_egc_2023,Table 2,verified_source_row,0,,Net of availability; DESNZ 2023 assumption.
auth_onshore_life,uk_authority_reference_2026_08_06,onshore_wind,DESNZ_2025_commissioning,generator,operating_life,25,years,asset,technical_assumption,Great Britain,central,2025,0.45,25,,desnz_egc_2023,Table 2,verified_source_row,0,,Operating period used in DESNZ levelised-cost calculation.
auth_solar_lf,uk_authority_reference_2026_08_06,solar,DESNZ_2025_commissioning,generator,load_factor,0.11,fraction,theoretical_maximum_generation,technical_assumption,Great Britain,central,2025,0.11,35,,desnz_egc_2023,Table 3,verified_source_row,0,,Net of availability; DESNZ 2023 assumption.
auth_solar_life,uk_authority_reference_2026_08_06,solar,DESNZ_2025_commissioning,generator,operating_life,35,years,asset,technical_assumption,Great Britain,central,2025,0.11,35,,desnz_egc_2023,Table 3,verified_source_row,0,,Operating period used in DESNZ levelised-cost calculation.
auth_offshore_lf,uk_authority_reference_2026_08_06,offshore_wind,DESNZ_2025_commissioning,generator,load_factor,0.61,fraction,theoretical_maximum_generation,technical_assumption,Great Britain,central,2025,0.61,30,,desnz_egc_2023,Table 5,verified_source_row,0,,Net of availability; DESNZ 2023 assumption.
auth_offshore_life,uk_authority_reference_2026_08_06,offshore_wind,DESNZ_2025_commissioning,generator,operating_life,30,years,asset,technical_assumption,Great Britain,central,2025,0.61,30,,desnz_egc_2023,Table 5,verified_source_row,0,,Operating period used in DESNZ levelised-cost calculation.
auth_bess_low,uk_authority_reference_2026_08_06,battery,lithium_ion_BESS,storage,manufacturing_embodied_emissions,59,kgCO2e_per_kWh_capacity,installed_energy_capacity,manufacturing,project_literature_review,low,,,,,longfield_es_2022,paragraph 6.3.11,verified_source_row,0,,Lower end of assessed literature range; applicant environmental statement rather than national default.
auth_bess_mid,uk_authority_reference_2026_08_06,battery,lithium_ion_BESS,storage,manufacturing_embodied_emissions,89,kgCO2e_per_kWh_capacity,installed_energy_capacity,manufacturing,project_literature_review,central,,,,,longfield_es_2022,paragraph 6.3.11,verified_source_row,0,,Midpoint actually applied by Longfield; replacements are treated separately in that assessment.
auth_bess_high,uk_authority_reference_2026_08_06,battery,lithium_ion_BESS,storage,manufacturing_embodied_emissions,119,kgCO2e_per_kWh_capacity,installed_energy_capacity,manufacturing,project_literature_review,high,,,,,longfield_es_2022,paragraph 6.3.11,verified_source_row,0,,Upper end of assessed literature range; applicant environmental statement rather than national default.
auth_bess_worst,uk_authority_reference_2026_08_06,battery,lithium_ion_BESS_supplier_case,storage,manufacturing_embodied_emissions,100,kgCO2e_per_kWh_capacity,installed_energy_capacity,manufacturing,supplier_case,realistic_worst_case,,,,,cottam_es_2023,paragraph 7.8.29,reference_only,0,,Supplier-informed case for one planning assessment; use for sensitivity analysis rather than national central value.
tx_substation,uk_transmission_reference_2026_08_06,substation,onshore_substation,transmission,manufacturing_embodied_emissions,2190,kgCO2e_per_MW,installed_transfer_capacity,A1_A5,United Kingdom,project_proxy,,,,,morgan_morecambe_es_2024,paragraph 1.6.2.3,reference_only,0,,ABB 2003 manufacturing GWP proxy scaled in a UK examined project; old and project-specific.
tx_building,uk_transmission_reference_2026_08_06,substation_building,generic_building,transmission,embodied_material_factor,545,kgCO2e_per_m2,gross_floor_area,A1_A5,United Kingdom,project_proxy,,,,,morgan_morecambe_es_2024,paragraph 1.6.2.4,reference_only,0,,RICS 2012 building benchmark used by project assessment.
tx_copper,uk_transmission_reference_2026_08_06,transmission_material,copper,transmission,embodied_material_factor,2.71,kgCO2e_per_kg_material,material_mass,A1_A5,United Kingdom,project_proxy,,,,,morgan_morecambe_es_2024,paragraph 1.6.2.5 and Table 1.2,reference_only,0,,ICE/Jones and Hammond factor; multiply by actual cable copper mass.
tx_lead,uk_transmission_reference_2026_08_06,transmission_material,lead,transmission,embodied_material_factor,1.67,kgCO2e_per_kg_material,material_mass,A1_A5,United Kingdom,project_proxy,,,,,morgan_morecambe_es_2024,paragraph 1.6.2.5 and Table 1.2,reference_only,0,,ICE/Jones and Hammond factor; multiply by actual cable lead mass.
tx_aluminium,uk_transmission_reference_2026_08_06,transmission_material,aluminium,transmission,embodied_material_factor,6.67,kgCO2e_per_kg_material,material_mass,A1_A5,United Kingdom,project_proxy,,,,,cottam_es_2023,Table 7.1,reference_only,0,,Project high-voltage cable material factor; multiply by actual aluminium mass.
tx_steel,uk_transmission_reference_2026_08_06,transmission_material,steel_pipe,transmission,embodied_material_factor,2.78,kgCO2e_per_kg_material,material_mass,A1_A5,United Kingdom,project_proxy,,,,,morgan_morecambe_es_2024,paragraph 1.6.2.7,reference_only,0,,Project crossing calculation; steel product specification matters.
tx_upvc,uk_transmission_reference_2026_08_06,transmission_material,UPVC_duct,transmission,embodied_material_factor,3.23,kgCO2e_per_kg_material,material_mass,A1_A5,United Kingdom,project_proxy,,,,,morgan_morecambe_es_2024,paragraph 1.6.2.6,reference_only,0,,Project cable-duct calculation.
tx_hdpe,uk_transmission_reference_2026_08_06,transmission_material,HDPE_duct,transmission,embodied_material_factor,2.52,kgCO2e_per_kg_material,material_mass,A1_A5,United Kingdom,project_proxy,,,,,morgan_morecambe_es_2024,paragraph 1.6.2.7,reference_only,0,,Project horizontal-directional-drilling duct calculation.
tx_concrete,uk_transmission_reference_2026_08_06,transmission_material,concrete,transmission,embodied_material_factor,0.103,kgCO2e_per_kg_material,material_mass,A1_A5,United Kingdom,project_proxy,,,,,morgan_morecambe_es_2024,paragraph 1.6.2.9,reference_only,0,,Project joint-bay calculation; concrete mix specification matters.
