source_id,organisation,title,publication_year,source_type,url,doi,accessed_on,locator,authority_class,notes
local_scheme_c_config,"GridForm retained source","Scheme C 1000 TWh retained config.py",2026,"local reproducibility source",local-input://gridform_core/builtin/scheme_c_1000twh/compat/config.py,,2026-08-06,"generators; batteries; connections","model source","Snapshot only; the retained file is not changed by this database."
local_thesis_ch4,"PhD thesis","PhD thesis7.20_stuart — Chapter 4",2026,"local thesis",local-input://PhD-thesis7.20_stuart.docx,,2026-08-06,"Chapter 4 Tables 4 and 5; paragraphs 270 and 613; references 142 and 160-168","research source","Values are preserved literally. The storage reference numbering appears swapped for CAES and lithium-ion and is flagged in factor quality notes."
local_paper_postprocess,"PhD analysis pipeline","embodied_factors_desnz_unece.csv and embodied_emissions.py",2026,"local reproducibility source",local-input://decarbonization_cost_research/embodied_factors_desnz_unece.csv,,2026-08-06,"all rows and reverse-conversion formula","model source","This is the actual postprocessor input snapshot, not an official DESNZ dataset."
neso_ci_2024,"National Energy System Operator","Carbon Intensity Regional Forecast Methodology",2024,"official methodology",https://www.neso.energy/data-portal/regional-carbon-intensity-forecast,,2026-08-06,"May 2024 methodology, Table 1 and methodology equations","UK system operator","Operational generation and import-consumption factors only; explicitly excludes upstream and indirect lifecycle GHG."
staffell_2017,"Imperial College London","Measuring the progress and impacts of decarbonising British electricity",2017,"peer-reviewed journal",https://doi.org/10.1016/j.enpol.2016.12.037,10.1016/j.enpol.2016.12.037,2026-08-06,"Energy Policy 102, 463-475","peer reviewed","Underlying peer-reviewed source cited by the NESO carbon-intensity methodology."
desnz_egc_2023,"Department for Energy Security and Net Zero","Electricity Generation Costs 2023",2023,"official report",https://www.gov.uk/government/publications/electricity-generation-costs-2023,,2026-08-06,"Tables 2-5, pages 13-14","UK government","Supplies technical assumptions such as load factor and operating life; it is not an embodied-carbon factor report."
desnz_storage_2018,"Department for Business, Energy and Industrial Strategy / Mott MacDonald","Storage cost and technical assumptions for electricity storage technologies",2018,"government-commissioned report",https://www.gov.uk/government/publications/storage-cost-and-technical-assumptions-for-electricity-storage-technologies,,2026-08-06,"technical assumptions report","UK government commissioned","Cost and engineering assumptions only; not used as a lifecycle-carbon source."
unece_lca_2021,"United Nations Economic Commission for Europe","Life Cycle Assessment of Electricity Generation Options",2021,"intergovernmental LCA report",https://unece.org/sed/documents/2021/10/reports/life-cycle-assessment-electricity-generation-options,,2026-08-06,"Table 13, Europe EU28, 2020 electricity per kWh","intergovernmental","Cradle-to-grave climate-change values. Technology variants are retained separately; the report does not prescribe one UK default."
longfield_es_2022,"UK Planning Inspectorate document repository","Longfield Solar Farm Environmental Statement, Chapter 6: Climate Change",2022,"examined-project environmental statement",https://nsip-documents.planninginspectorate.gov.uk/published-documents/EN010118-000163-6-1_ES_Chapter_6___Clima.pdf,,2026-08-06,"paragraphs 6.3.11-6.3.13","UK statutory planning repository","Applicant evidence, not a DESNZ national default. Gives a 59-119 kgCO2e/kWh battery-capacity literature range and uses midpoint 89."
cottam_es_2023,"UK Planning Inspectorate document repository","Cottam Solar Project Environmental Statement, Chapter 7: Climate Change, Revision A",2023,"examined-project environmental statement",https://nsip-documents.planninginspectorate.gov.uk/published-documents/EN010133-001025-C6.2.7_A%20ES%20Chapter%207_Climate%20Change_Revision%20A.pdf,,2026-08-06,"Tables 7.1 and 7.14; paragraphs 7.8.29-7.8.30","UK statutory planning repository","Applicant evidence, not a national default. Battery value is a supplier-informed realistic worst case."
morgan_morecambe_es_2024,"UK Planning Inspectorate document repository","Morgan and Morecambe Offshore Wind Farms: Transmission Assets, Greenhouse Gas Assessment",2024,"examined-project environmental statement",https://nsip-documents.planninginspectorate.gov.uk/published-documents/EN020032-000542-F.4.1.1_MMTA_ES_Greenhouse%20gas%20assessment.pdf,,2026-08-06,"paragraphs 1.6.2.2-1.6.2.9 and Table 1.2","UK statutory planning repository","Project-specific A1-A5 factors and calculations; material factors cite ICE/Jones and Hammond and the substation factor cites ABB."
xlinks_es_2024,"UK Planning Inspectorate document repository","Xlinks Morocco-UK Power Project Environmental Statement, Appendix 1.1: Greenhouse Gas Assessment",2024,"examined-project environmental statement",https://nsip-documents.planninginspectorate.gov.uk/published-documents/EN010164-000365-6.4%20Environmental%20Statement%20Volume%204%20Appendix%201.1%20-%20Greenhouse%20Gas%20Assessment.pdf,,2026-08-06,"paragraphs 1.3.17-1.3.24 and Table 1.1","UK statutory planning repository","Applicant evidence based on harmonised LCA studies. The PDF text extraction reports kg where the surrounding source literature indicates g/kWh; those stage rows are not promoted as numerical defaults here."
nve_climate_declaration_2024,"Norwegian Water Resources and Energy Directorate (NVE)","Climate declaration for physically delivered electricity in Norway: 2024 national mean",2025,"official national electricity declaration",https://www.nve.no/nytt-fra-nve/nyheter-energi/klimagassutslipp-knyttet-til-norsk-stroemforbruk-gaar-ned/,,2026-08-09,"2024 mean: 11.9 gCO2e/kWh","Norwegian national energy authority","Annual physical-delivery fallback for Norway. NESO normally prefers daily ENTSO-E generation-mix calculations. NVE open data are published under the Norwegian Licence for Open Government Data; retain source attribution and do not represent this annual mean as a daily value."
